sequence,position,total_reads_HEK293,no_variant_HEK293,efficiency_HEK293,total_reads_K562,no_variant_K562,efficiency_K562,total_reads_HCT116,no_variant_HCT116,efficiency_HCT116
GGCAGCGAAGAAGACAAATCACAAACTGGTGTGAATAGAGCCAGCAAAGGAGGTCTTATCTATGGGAACTACCTGCATGTAAG,chr4:155904076-155904098,28840,2733,0.905525773,27851,22581,0.189826744,30661,5325,0.826505639
AAGCACTGTGCTCTGAGCTGCACTCCCGCCGGAGTATTTCAGGGGCTCTTGGGAAACTCCTTCATACATCAGCCCTGCAGGCA,chr8:40013615-40013637,27893,465,0.98339912,30335,9681,0.677910978,35445,3359,0.905166677
TACCTGTCGCTGTACAAACATGGTTATCACCTTCTTTGCTTGTTCAAATGGGGATTCTATACCAGGAATGGAGTTACTCATGG,chr2:216113080-216113102,36059,32781,0.090894734,37754,36312,0.038211356,40874,30784,0.247025029
AGCTCCTCCCTGGGGTGTCAAGTACTCGGGGTTCTCCACGGCACCCCCAAAGGCAAAAACGTCTTTGACGACCCCATTCTTCC,chr17:39727833-39727855,22274,17497,0.214961184,19955,13929,0.298261116,24834,13495,0.456888502
CCCAATTCACCCACCTTGATGTCACTTAGGATAGGAGAAGATGATGTATAGGGTTTAGTGGGAGATGTTGCAAGGCTAGTGCT,chr1:207898989-207899011,35324,2750,0.922215961,35595,13547,0.629186253,33126,1248,0.963467128
TGGCTAAAGAGGGAATGGGCTTTGGAAAGGGGGTGGGGGGAGTTTGCTCCTGGACCCCCTATTTCTGACCTCCCAAACAGCTA,chr6:43769554-43769576,25092,22457,0.105466161,30393,27579,0.092852341,33280,25034,0.247892861
GCTTGACCAGTTTAAGGGGCAGCAGGGACAAAAACGTTTCCAAGACATGATGGGCCACGGATCTGACTACTCACTCAGTGAAG,chr22:41636565-41636587,25640,22037,0.141082887,28464,27533,0.033061379,30564,18261,0.403129007
CAACTCGAGAGCCAACATCTCCTGTGTCTGGAGCCAAGATGGGGCTCTGCAGGACACTTCCTGCCAAGTCCATGCCTGGCCGG,chr22:37143558-37143580,29879,24499,0.180064465,32830,29184,0.108469629,32107,23626,0.262344497
TCCCAGATCCCAAGTTAGACCAGGGGCTTCCGAAGCTGGAATCTGCTCTCTGGAGGCAAGGCTGCCCAAACAGCCTCTGTACA,chr22:37065668-37065690,26948,997,0.963276793,27386,4773,0.823612157,33752,774,0.977088201
ACCGCCGCAAAAGACACCCGAGGCGCAGCAGAGGCGCAGCAGTGCCACAGCGGCTCCGCCTCTGCCGCCTAGTTTCAGAAGCT,chr13:32315518-32315540,27475,2406,0.912360521,32030,5339,0.833097225,32763,910,0.972801768
CCGCGGGGCCCCAGCGTGCGCGCGCCCAGGGCTGAGGAGGGGTCGCGGCGAGGACAGCCGGGACTGGGCGCAGGCCCGCACTG,chr1:64966446-64966468,23371,5742,0.754104801,23909,10904,0.546093977,31298,8000,0.74377588
AAGAATCCCCCACCCCTCTCCCGGGCGGAGGGGGCGGGAAGAGCGCGTCCTGGCCAAGCCGAGTAGTGTCTTCCACTCGGTGC,chr1:207911137-207911159,33413,26099,0.217502984,29930,28810,0.037359592,35320,32507,0.080178946
GACCGAGTACAGGGCCCGCGCATGCGTGGATTGTCGTCTTCTGTCCAAGTTGGTCGCTTCCCTGCGCCAAAGGTAAGCGGGCC,chr22:41621304-41621326,28055,12594,0.551397396,31315,19099,0.387211875,29402,9196,0.686895533
CTTCCTCCTCGTTTCCCTATAGCTTCTGGGTTCATGAGTCTTGACAACAACGGTACTGCTACCCCAGAGTTACCTACCCAGGG,chr1:207899973-207899995,34996,14352,0.588645112,32154,25077,0.215758104,42047,15796,0.626445384
AGCCCTTGCTCTTTGAATATTATTGGAGTTGAAGCCAGCTGATTATAAGATGGTTTCCTTTGTGGAGTTTTAAATAGGTTTGG,chr13:32319214-32319236,31976,1777,0.945937348,39021,16038,0.592156234,25793,866,0.966560848
CCAATTTTATGAGGACCGGCAGCAGCTGCCGGCCCCCAAGTGGACAGAGCTGGCCCTGCTGATTCAACAGTGCATGGCCTATG,chr19:17834664-17834686,29661,21231,0.285708086,29497,21446,0.273542707,33606,20692,0.384961594
TGTTCACCAATGAAGACAACCCCCATGGCAATGACAGTGCCAAAGCCAGCCGGGCCAGGACCAAAGCCGGTGATCTCCGAGAT,chr22:41636714-41636736,26990,15404,0.429570386,31497,27429,0.127393996,33663,4689,0.861391596
AGCCTTCTGCGCACAACCCAGATGAGTTGCAGTTCCCAGCTGCACGCCTCGGGAAGCGCCGCACTCTCCTTAGGGCTCGGTCT,chr15:40695243-40695265,20117,1500,0.925152357,24514,4834,0.798450677,22512,1676,0.925577688
CAAACGGCAGAAGCTGGAGGAGGAAGGGCCTGAGTCCGAGCAGAAGAAGAAGGGCTCCCATCACATCAACCGGTGGCGCATTG,chr2:72933852-72933874,36661,35634,0.028136436,33965,32588,0.040480446,38605,37702,0.023039806
GTACAGACGCCTCACCTTCCCACGCACGCAGACTCGCAGACGCCCTCTGCTGGAACTGACACGCAGACATTCAGCGGCTCCGC,chr1:198699605-198699627,23799,9254,0.609575863,27719,24777,0.1063255,33182,8578,0.743598133
AAGCAAGAAGGGCAACTGCGGGCATATGGAGCAGGACTCCTTTCCTCCATTGGAGAATTAAAGGTATGAAGCTGTGAATGAAA,chr12:72022462-72022484,27595,18444,0.331393039,31368,23792,0.242774513,34854,13527,0.612688794
TTAGCAGCAGTTCAGTCAATGTCATATAACGCAAATAACCTTCTGTGTCATGGCTTGGCTAATAAGCATGCAATTCCATATAT,chr12:72031767-72031789,18934,10720,0.433878161,36722,24807,0.326559675,37714,12551,0.667128046
TTCAAGTTGGAAAAAGTTTTGAATGCACAAGAACTGCAAAGTGAAACAAAAGGAAATAAAATCCATGATGAACATCTTTTTAT,chr4:155905091-155905113,5536,2908,0.476699974,24164,22245,0.076443908,14263,6145,0.567263611
TCACGGCCACTCACTCTGCGCGCAGGATCCGGAAGGGCTAGGCGGGGGCGCGGCGGTGCAGCCTCTCCCGAGCGCGCTGGGTC,chr2:191014034-191014056,20252,18015,0.110820722,22099,19579,0.115721291,21373,17320,0.189413118
CGTCTGGATCTTTTTTGGTCCAGTTCGTCAGCACCAAGTCTGAGTGGACCAGGATAGGAGGGAGCCCCAAGTTCCTGGAGACT,chr8:39982717-39982739,27289,20007,0.265182648,31104,22444,0.27840814,38928,24929,0.357628218
CATCCCCATCCCCTCGTGCCAGGCCATGGAGGGCTGAGAGAGGGACAAGTCGGAACCATTTTAAAGCTCAGCCCCAGCCCTTG,chr1:55063649-55063671,26994,1253,0.95294874,24733,7759,0.681148737,35878,332,0.990544677
GCTGTTGTGCTGTGTATGGACGTGGGCTTTACCATGAGTAACTCCATTCCTGGTATAGAATCCCCATTTGAACAAGCAAAGAA,chr2:216113049-216113071,31336,1504,0.95222058,31259,7312,0.763315266,35058,496,0.985815541
AACGTGAGCAGTCCCCACATCAGCAGGTATGAATCCATCTTCCTGACCCTTGGGACCAGCCGGGGCAGTGAAGCGGAGGTCTT,chr10:6062144-6062166,28528,16215,0.433605697,23586,17366,0.259602371,33009,19269,0.415919887
TTTGGGCTGGCCAAACTGCTGGGTGCGGAAGAGAAAGAATACCATGCAGAAGGAGGCAAAGTAAGGAGGTGGCTTTAGGTCAG,chr7:55191845-55191867,19317,3183,0.835298048,25439,14998,0.410998877,26902,2674,0.90066426
CGCCCTCCCGCCCCACTTGCCTGGGCCGCCGGGCGCTGGAACCTGGACCCTGGACCCTGGCGGGTTCCGAGCTGCGCCGCCGC,chr15:89814782-89814804,2402,1430,0.473091805,1566,32,0.979214943,3825,2850,0.254606196
AGCCCTGGTAGAGGTGGCGGAGCATGTCCAGGTGGGTCTCGGGACTGGCAGGGAGCCGCAGCTTCATGTCTGTGCCGGTGCAC,chr17:39707021-39707043,25213,23503,0.067822478,17263,16729,0.030762569,27862,24447,0.12153463
GAGATTGCTTTAGTCCTGTTTGGTACAGATGGCACTGACAATCCCCTTTCTGGTGGGGATCAGTATCAGAACATCACAGTGCA,chr2:216116710-216116732,31228,2979,0.904599171,27678,12879,0.53049823,34048,1133,0.966713753
GTAACTCCAGTTACACGGTGACTTTTAATAGCATACAGTGATTTGATGAAAGGACGTCAAACAATGTGGCGATGTCGTGGAAA,chr10:87746680-87746702,32323,5706,0.826198032,34038,20317,0.40812488,40253,2950,0.927231091
AATAACTCTGTCCTTAAGGAATGGTCCTCTGGGAGGGCTGTGCTGCTAGTGGGTACCTCAGTCACACACCCCCAACCCCAGGC,chr1:183249274-183249296,26167,10456,0.597831169,25933,20918,0.192008439,38101,17048,0.555613262
GATATATTTTCCAGGGCAATCAATGTTCACGCAACTTGAAATTATATCTGTGGTCTTCAAATTGTCTTTTGTCATGTGGCTAA,chr7:50458498-50458520,29645,6831,0.771610142,28927,15074,0.477167814,30917,3572,0.884757414
CATCCAGATACACCCAAAGTATCAGGACGAGAATGAGGGTCCTTTGGGAAAGGAGAAGTTAAGCAACATCTAGCAAATGTTAT,chr2:190970397-190970419,24138,6466,0.734682304,32515,19413,0.40379196,28901,5294,0.818092679
CACGTACTTGCTGGCCTTCATTGTCAGTGAGTTCGACTACGTGGAGAAGCAGGCATCCAATGGTGTCTTGGTATGAGGCTGGG,chr15:89805095-89805117,18258,10637,0.41522876,21570,16453,0.234061528,22235,10980,0.500569741
CGACGGCGGGGTCCCCCGGGAGTCCCAGCAGGCCCTCGGCGGCGGCTCCCAGGGAGCGTCCCGGAACCGGGGCGGGTCAGAAT,chr17:42288243-42288265,18274,9289,0.492203326,16238,6665,0.593328049,20578,8327,0.595791477
ACTTTTAAAAAACTCCCCGTAGAAGGCAGCGAAGAAGACAAATCACAAACTGGTGTGAATAGAGCCAGCAAAGGAGGTCTTAT,chr4:155904052-155904074,26331,6440,0.743968425,28644,25059,0.125594858,28812,7660,0.735212904
TAACGGAGCCGGCCGGCGCGCGGGCTGACTGCTCAGGAGGAGGAAGCCGGTGGCGGAGCAGAGGAGGAGGCGGAGGCGCAGCA,chrX:134460260-134460282,19669,2536,0.871515138,14319,82,0.994307777,9634,50,0.994595418
CACGCAGACTCGCAGACGCCCTCTGCTGGAACTGACACGCAGACATTCAGCGGCTCCGCCGCCAATGCAAAACTCAACCCTAC,chr1:198699629-198699651,20717,960,0.953192281,27183,12693,0.533799429,30848,125,0.995894737
ACCGGCGCGGTTTTTGTCAGCTTACTCCGGCCAAAAAAGAACTGCACCTCTGGAGCGGGTTAGTGGTGGTGGTAGTGGGTTGG,chr13:32315640-32315662,19718,448,0.977118495,23786,5429,0.770857252,26047,235,0.991116927
CACAAATGGATAACGGCCCGCTTACCTTTGGCGCAGGGAAGCGACCAACTTGGACAGAAGACGACAATCCACGCATGCGCGGG,chr22:41621318-41621340,24434,81,0.996618176,24893,120,0.994057016,28470,58,0.997984029
AGGCGGCAGAGGCGGAGCCGCTGTGGCACTGCTGCGCCTCTGCTGCGCCTCGGGTGTCTTTTGCGGCGGTGGGTCGCCGCCGG,chr13:32315531-32315553,29283,5789,0.80336914,26045,2511,0.903264274,31657,2047,0.93569302
TTCTTAGGGTAACAGAGGAGGAAATTGTTCCTCGTCTGATAAGACAACAGTGGAGAGTATGCATTTATTTATTTACTTTTACA,chr1:198639112-198639134,26656,1508,0.942495454,30044,12158,0.598985168,37522,1088,0.97171939
CTGCTGCTGCTGCAGCAGCAGCAAACTGGCGCCGGGAGGTGCTGCGCTCGCGGCCTCTGGGTGCCTGGGGCCCGGGTTCTGGA,chrX:67545277-67545299,12638,3911,0.690778798,6491,466,0.928703759,13376,1826,0.863342043
GCTGCTACTAACTTGAGCTCCCCTGGTTGGTCCCAAAGGCGGAGGGCGTTAGGAGGGAGGCTGGGTTGCCGCCGTCGAGGCCA,chr1:207911279-207911301,14854,2718,0.817744404,16843,10901,0.345901877,19406,7403,0.620937143
TCCTCTTCCGGTTTAGGACTAGTGGATTTTGGGCACTGGAGCCACCTCTTTGGCAAACAGCTTGAGGGAGAAATCAAGGGCTG,chr16:29697377-29697399,14679,2838,0.803864639,31367,7754,0.752260748,30827,3685,0.880668747
CCCTGTTGAACTGGGACCAGGACACGGACAGGCCACTGTAGTCCTCCAGGTGGCTGCTGCTGTTGTTGAACAGTTTCTGCGCC,chr17:42306396-42306418,24124,1822,0.924891929,28638,2434,0.912904412,28604,667,0.976533192
GCAAGGAGACATGCCTCTAGCAGGATCAGGGGGACTGGGGTCGGGAGGGTGGGGCAGGAAGGAAGCCAGAATCAGAAGTATCC,chr17:42314468-42314490,24602,10269,0.584543143,35071,737,0.97853496,29916,18592,0.377530575
TGAATCTCTACCTCCTTCATGGAAGCCAGCACAGAACATGTTGTTATAGATGGTGAACTTTGTAGATCGAAGACATGTGGCTC,chrX:139561851-139561873,32785,13784,0.584228091,27785,18386,0.34614548,34789,11714,0.663950976
GCTGCTCCCGGGTCCTGCTGCCCGAGCCAGGAACTGTGTGTGTTGCAGGGGGGCAGTAACTCCCCAACTCCCTCGTTAATCAC,chr22:37127861-37127883,28720,3689,0.870839567,24564,7403,0.680645317,37491,2395,0.935867171
GAACAAACCACTTGCTAGCTGCATGAACTGCTAGGTGATGATGTCAGATTCGGTTTTACTAACTTCTCCAAAAATACTGTAAG,chr1:198639032-198639054,28986,5166,0.821240561,27962,15046,0.462367217,37596,5874,0.84672587
TTCTGAAAGCCGCTGGCGGACCGCGCGCAGCGGCCAGAGACCGAGCCCTAAGGAGAGTGCGGCGCTTCCCGAGGCGTGCAGCT,chr15:40695206-40695228,19657,381,0.980939424,20449,133,0.993474984,24603,76,0.99703416
CGGGAACCTGCCGTGTCGCAACTCGCTTCCGGTGGACAAGCGGCAGATAGCGGAAAGAGCCGCTTCGTTTCCTGCTAGGCCTG,chr2:216109346-216109368,25969,573,0.977911527,29021,624,0.974245676,35347,339,0.990394709
TGCAAGGCGAGTTCACGACCTGGAGCCCCTGGAGCCAGCCCCTGGCCTTCAGGACAAAGCCTGCAGGTACTGGTGGGCGGCAA,chr22:37136241-37136263,21943,16372,0.254132036,23891,20100,0.156639031,24319,14888,0.387652984
TAAGATCCCGTCCATCGCCACTGGGATGGTGGGGGCCCTCCTCTTGCTGCTGGTGGTGGCCCTGGGGATCGGCCTCTTCATGC,chr7:55173016-55173038,16493,14493,0.11996304,22678,20467,0.09642206,33120,25043,0.244026887
ACGCAGACATTCAGCGGCTCCGCCGCCAATGCAAAACTCAACCCTACCCCAGGCAGCAATGCTATCTCAGGTTTGCGGGTCCT,chr1:198699665-198699687,22796,180,0.991986911,35513,4017,0.887425694,32980,131,0.996118086
GCCCAAGACCCCAGTCACCATGACGACAGTGCCCGCCACCACCAGGATGTAGGCTGTGGCCAGGTAGGTGCCTGAGGCCAGCA,chr11:836348-836370,28088,922,0.966820851,26506,7403,0.726725466,29039,327,0.988837549
ATGGCTATTTTTATGCCTACAGATATCATGGTGGAAGAGTTTGTGGAAGGGGGTCCTCTGGATCTCTTCATGCACCGGAAAAG,chr1:64845610-64845632,24600,4512,0.816167332,27692,13379,0.509780978,27416,3014,0.891545623
GTTCCTTTTGCAGATTTGTGTTCAACTTTAGAACGAATACAGAAAAGTAAAGGACGTGCAGAAAAAATCAGACACTTCAGGGA,chr13:108211177-108211199,32536,21197,0.348621258,33152,29332,0.114606073,36712,16905,0.538126549
TGTGGCCAGGTAGGTGCCTGAGGCCAGCAGGCTGATGTAGTCACTCTTGAGGGCCAGCGTCCAGATGCCCACTGCCATGACAG,chr11:836294-836316,27819,2242,0.919992218,30786,16354,0.471145359,36653,332,0.990961256
CACCTACCTGGCCACAGCCTACATCCTGGTGGTGGCGGGCACTGTCGTCATGGTGACTGGGGTCTTGGGCTGCTGCGCCACCT,chr11:836361-836383,26892,13908,0.483823363,26060,20213,0.224373476,29048,10095,0.65388418
CCGGGGGCCTGTGCAGCCTGCAGCACACTGGTTGTGGCAGCAGTCACTGGGGGACTTGCCACGGCAGCGCCCGGAGCACTGCT,chr7:55152597-55152619,24225,4034,0.833470194,24735,17120,0.307996914,30966,1400,0.95490383
ATGGCTTTCTTTATACCTTATTCCCCGACCGCACCATGTTGCCGGTCCTCAGGCGCTTTGGTCGCTTCTTCCGGGCGGGAACC,chr2:216109421-216109443,25444,485,0.981481296,27804,547,0.978817432,33182,273,0.991703412
TAGGAATCCTGGTCTCAGGACCTCATGGAAGAAGAGGGGGAGAGAGTTACAGGTTGGACATGATGCACACTATGGGGCCCCAG,chr17:42314355-42314377,28241,3282,0.88340343,31410,2724,0.912625796,37775,4682,0.875840073
CGATGAGCCGGCCATGAAGGCCGAGTTCAACATCACGCTTATCCACCCCAAGGACCTGACAGCCCTGTCCAACATGCTTCCCA,chr15:89805354-89805376,23393,4865,0.792182644,29904,11201,0.619773259,33095,1945,0.940869362
AAACGGCAGAAGCTGGAGGAGGAAGGGCCTGAGTCCGAGCAGAAGAAGAAGGGCTCCCATCACATCAACCGGTGGCGCATTGC,chr2:72933853-72933875,32924,2577,0.921755335,32776,7161,0.781336783,36672,3857,0.894903993
ATGCTGGAACTACCAAAGGCATTTTTGAATGAGAAAGCTGGAGAAGGGGGAGGAGTGATCCAGGTAAGGTGGGAGCTGTGAGG,chr7:50537870-50537892,24923,17213,0.311212309,30041,25653,0.147736597,29634,14717,0.504238829
ATGTCCTGCTCGCCCACAGGCCTTCTTCGAGGCAGCCAGCATGATGAGACAGGTCTCCCACAAACACATCGTGTACCTCTATG,chr1:64846703-64846725,24536,16053,0.344989201,26906,24252,0.098410725,28619,14224,0.502843862
TTTAACTGGCACATGTGGCTGGAAATGCAAGAAGAGGGAAACGTGTGGCTTGGAGTTTCAAGAAGAGTGACTGTCTCAGTGCC,chr7:50565412-50565434,28220,13338,0.528350975,16729,12375,0.253358152,33947,15449,0.547129192
GCGCGGCGCCGCCTCTTGCTGCGCCTCCGCCTCCTCCTCTGCTCCGCCACCGGCTTCCTCCTCCTGAGCAGTCAGCCCGCGCG,chrX:134460244-134460266,10445,1013,0.902590212,4329,46,0.99224033,13569,413,0.970517423
ATTGGCTGAGCGCGGAGCCGCCCGGTGATTGGTGGGGGCGGAAGGGGGCCGGGCGCCAGCGCTGCCTTTTCTCCTGCCGGGTA,chr2:191014202-191014224,19740,18826,0.046202347,23928,23107,0.034739171,25386,24544,0.033233479
CAGGTATGAATCCATCTTCCTGACCCTTGGGACCAGCCGGGGCAGTGAAGCGGAGGTCTTTCTCTGCAGAAGGCCCAGTTGCC,chr10:6062167-6062189,25181,2483,0.899574588,27045,9384,0.655392178,30103,2852,0.90494097
TGAACTTTGTAGATCGAAGACATGTGGCTCGGTCAACAAGTGGAACTCTAAGGTACTGAAGAACTAAAGCTGATCTCCCTTTG,chrX:139561798-139561820,25621,1808,0.929513172,27057,10689,0.609949313,31582,1893,0.94032225
ACTGTCTGAGTTACCTCAGCTAGAGAGGGTGAAAATCATCAGTTATCATCAGGGCAACAAATTGCTTTCTCCTAGTTCATCCT,chr1:183251352-183251374,31415,9519,0.697045629,31222,25722,0.173410872,40138,10916,0.730823094
AACAACATGTTCTGTGCTGGCTTCCATGAAGGAGGTAGAGATTCATGTCAAGGAGATAGTGGGGGACCCCATGTTACTGAAGT,chrX:139561889-139561911,25277,14985,0.41025335,25638,17534,0.32056593,28214,13526,0.521768579
GTGGAAGTGGAATGCAGCAGCCTGCAGGAGGCCGTGCAGGCAGCTGAGGCTGGTGCCGACCTTGTCCTGCTGGACAACTTCAA,chr16:29697068-29697090,27502,22223,0.190529892,30788,28892,0.06120363,37666,25631,0.319231325
GTAACTCTTTGTGACTGAAGAAGAAGTTGAAGTGTGCATTGCCACCTCAGTGGTACTTAATGCTGATATGCTCACAATTTCTG,chr4:144120539-144120561,59,20,0.635897436,25625,24646,0.037857408,14971,11369,0.240480678
CGAGGATGTTTCGGGCGGCCAGGTCGCGGTGCACGCAGCGGCGGGAGCCCAGGTACTCCATGCCCTGCGGGCGGGCGGTGTGA,chr19:17831367-17831389,25154,22763,0.095501501,25734,19776,0.232048121,29871,17957,0.400386974
GAAGCCAGCTGATTATAAGATGGTTTCCTTTGTGGAGTTTTAAATAGGTTTGGTTCGTAATTGTTGTTTTTATGTTCAGATTC,chr13:32319184-32319206,33950,26680,0.214916163,38810,35177,0.094153856,39730,25125,0.36901798
GGTTCTGGATCACTTCGCGCACGCTCTGGAACAGATTCTGGAAAGCTCCTCGGTAGGTCTTGGACGGCGGCCGAGGGTAGACC,chrX:67545203-67545225,6470,652,0.899923348,7545,2270,0.705506552,5288,293,0.940360142
ACCATGCCCCCAGCGCCCGGGGCAGGGTCTGGACAGAAGAAGCCCTGCTGGGGTACCAGATACTCCTCAGCATCCACCAGGTC,chr17:39726920-39726942,24713,685,0.971250618,28179,3385,0.879865208,32189,322,0.989787025
CCCACAGCACTTCACTGAGTGAGTAGTCAGATCCGTGGCCCATCATGTCTTGGAAACGTTTTTGTCCCTGCTGCCCCTTAAAC,chr22:41636574-41636596,21992,909,0.958687568,26752,5811,0.776840268,27507,273,0.989988543
TGCTTCTCCTCAGCTTCAGGCGGCTGCGACGAGCCCTCAGGCGAACCTCTCGGCTTTCCCGCGCGGCGCCGCCTCTTGCTGCG,chrX:134460184-134460206,1113,170,0.835740317,394,86,0.52077573,2106,8,0.996170895
CGACCGCGGCCTCCAGGCGGGGTTCGGGGGCTGGGCAGGCGACCCGCCGCAGGTCCCCGGGAGGGGCGAACGGGCCAGCAGCT,chr3:169764828-169764850,24979,5972,0.759623865,19771,11468,0.417088917,27763,2918,0.895063724
GCTTCAGCGCTCGGCTCGCCCTAGGTGAACGGCCATGGCGGGCTGGATCCAGGCCCAGCAGCTGCAGGGAGACGCGCTGCGCC,chr17:42289408-42289430,5936,3760,0.366738202,16686,2238,0.84575771,10834,6191,0.429425228
CCTGTTGGGGCAGGGTGGTGGCCACTACACAGATGCAGGCTGCAGATGCCCGGAAGTCCTTCCCATGCTTCGATGAGCCGGCC,chr15:89805424-89805446,34224,27071,0.208233188,38650,31410,0.187218074,37617,25639,0.319211093
CTGCAATGCCATGGCTTTCTGTGCTAAAATGAGGAGCTCCAAGAAGACTGAGGTGAACCTGGAGGCCCCTGAGCCAGGGGTGG,chr1:64883403-64883425,30456,532,0.982625667,35423,1677,0.952255353,25581,476,0.981652453
CTGCATGGTTTTATACTGGTGACTGCTTTGGTAGAGAAAGAAGCAGTGCCTGGGATAAAGGTATCTTCTCACTTGATAGCACC,chr8:39987941-39987963,22917,20206,0.11695647,31017,28713,0.074699529,34225,28530,0.166305389
CAGTTAGGGCTGGGAAGGGTCTACCCTCGGCCGCCGTCCAAGACCTACCGAGGAGCTTTCCAGAATCTGTTCCAGAGCGTGCG,chrX:67545186-67545208,23242,7009,0.701554748,23103,10778,0.530889239,24399,8606,0.647581249
TGCCTTTTTCTTTTCTTACAGACCCTGAGGGAGCAGAGATGTGGGAATGGGGGCCGAGCCAATTGTGATGTAAGTTTTGTTGG,chr17:42329426-42329448,22830,473,0.979410352,29388,3991,0.869472818,29238,251,0.991428182
GCGTTGGGGGCCGTGCGGGTCGGGCGCGTGCCACGCCCGCGGGGTGAAGTCGGAGCGCGGGGCCTGCTGGAGAGAGGAGCGCT,chr15:40695363-40695385,17919,4354,0.758636295,27543,5682,0.791779795,30784,8869,0.713156965
AATACACATTTGCTATTATTACCTATGAGCACAGTAGAACTAAGGGTGGGTGGTGTAGCTAAAGAACTTGACCAAGACATATC,chr13:32326583-32326605,36029,2107,0.941141808,43096,15672,0.634936012,46932,1045,0.977919808
GCGCCTCCCCGTGGGCCTCAGTCTCAAGGAGCAGGGTGAGTGTCTCAGCCTGGCCGTGTTGGACCTGGCCCGGATGGCGCGAG,chr19:17843097-17843119,26320,25264,0.04023763,27744,25388,0.08492555,26958,18980,0.2966102
CCAGCACTTCTTCTGCAAGGAGGTGGCACCGCCGAGGCTGCTGGAGGAAGTGGCCGAGCAGTGCCACGGCCCCATCACGTAAG,chr19:17841414-17841436,26918,2300,0.915756049,28889,1143,0.961396328,32738,376,0.988483502
