ID,30mer,CRISPRon
seq1_p_5,CTCCTCTCCCGCCGACCTAAGCCCCGGGGG,70.51
seq2_p_5,CTGAAGAAAGCCGAGCAGCAGCAGCGGGAG,62.92
seq3_p_5,CCCGTCCTGCAGCTCCTTTCCCAGCGGCTG,56.88
seq4_p_5,TGTGACGTGACTTTGATCGTGGAGAGGAAG,33.10
seq5_p_5,CCTCAGGTTTTGCAAGCACATTCCGGGAAG,31.99
seq6_p_5,GCAGCGTCCTGCAGAGGAGCGTCGCGGCGC,53.73
seq7_p_5,ACCAGCTGCAACTCGGGGACATACAGGTGC,30.96
seq8_p_5,CGGAGATTGTCCTGCTGCTGGCTCTGGTTA,46.27
seq9_p_5,GGAGAACAAGGGCATGCCCAGTGGGGGCGG,63.82
seq10_p_5,CCCAACGGAGTCAACCGTTTCGGGAGGCGC,57.86
seq11_p_5,GTGGGGGCGGCAGCGATGAGGGTCTGGCCA,34.33
seq12_p_5,AGTTTCAAGCTGATGTTAACATCGAGGATA,44.53
seq13_p_5,TGCGGACGCCAACTCGTTCCCCCAAGGCTC,52.65
seq14_p_5,GATTGCCAGGAGACTGCTACTTAGAGGTGC,47.61
seq15_p_5,CTGCCAAAGAAGGCCACCTCCGGGTGGTGG,60.43
seq15_m_4,CCACCACCCGGAGGTGGCCTTCTTTGGCAG,15.26
seq16_p_5,CCGATGATGCCCAAGGTCTCCCCGCGGATC,64.15
seq17_p_5,CAGCGACTGCGTGACCCTGCACTGCGGCCT,74.12
seq18_p_5,GTTTTGACAACATCGACATCAAGTCGGCCG,42.92
seq19_p_5,AAGGCCACAGTGGCCACGTCCTTCAGGATG,17.31
seq20_p_5,AAAGAAGAATGTGGGTCAGTTCAGTGGCTT,47.43
seq21_p_5,AAACTTGTAGCAAAGGCAGTAAAAAGGAAC,27.88
seq22_p_5,CACCTCTGCTCCGACTTCATCTGGGGGCTG,62.98
seq23_p_5,AAGTTCATCGAAATTGATCAAGCATGGAAA,29.55
seq24_p_5,CAAGTATATCTTGAAGAAATGTCTTGGAAT,35.45
seq25_p_5,AGGTGGAAAGCGGTGACACGCCAAAGGACC,56.61
seq26_p_5,CAGAGCTATTACCCAATGGGGACTTGGAGA,42.75
seq27_p_5,GCCTCCTGCATGATGCGCGGCCCAAGGAGG,49.33
seq28_p_5,TTCTTTGTAGGGATTCTTCTCTTCTGGAGG,16.09
seq29_p_5,TCCTGCAGCAGGTCTACAACCACTCGGTGA,47.54
seq30_p_5,AGGAGGTCTCCCCGTACACCTCGGGGGAGA,72.16
seq31_p_5,GAGGAAGATGGCTGGCCGCAAGCGCGGGCG,65.67
seq32_p_5,GGGAGCTGACTTCTTGGTGCACTACGGCCA,55.57
seq33_p_5,GGACTTCTACGCTGGCAGCTCCTTGGGGCC,23.86
seq34_p_5,CTGGACTCAGGGAACCCACTGGTTGGGGAA,40.20
seq35_p_5,GCTGGCAAGGGCTGGAGCCCCGCCTGGGTC,18.76
seq36_p_5,AGCCTACACCTCAGTCCTAACTGTAGGGAA,56.40
seq37_p_5,AGACACTTTGTGTTGGCTTAGCCAGGGTTG,62.36
seq38_p_5,ATGCGATCACCAGTGTCACGCTCCTGGAGA,45.18
seq39_p_5,ATTCTGTCTGTCCACGATAGTGCCAGGCCT,41.71
seq40_p_5,GAGATCCTGTGCCAACCCCAACGTGGGCTT,61.39
seq41_p_5,CAGTGTACAAGGCAGCTCTCACCGCGGAGC,86.27
seq42_p_5,TTAAATACCTGTGCATCCCAGCAGCGGATT,55.70
seq43_p_5,ATGGCTGCGGACGGTGAGACCAATGGGTCT,27.10
seq44_p_5,GCACCAACACACTAACTCGGATAGCGGAAA,44.67
seq44_m_4,TTTCCGCTATCCGAGTTAGTGTGTTGGTGC,39.16
seq45_p_5,CGAAGAGTCGAGAGATCACCACACTGGCCA,57.11
seq46_p_5,TAGCCGGGCCAAGATGTCAATGACAGGGGC,35.13
seq46_m_4,GCCCCTGTCATTGACATCTTGGCCCGGCTA,39.06
seq47_p_5,GCATGAGTGATGATGTCCACTCACTGGGAA,32.20
seq48_p_5,AGCACTCAGCCGAAGCCATTGCCCTGGAGC,58.56
seq49_p_5,GACTTGTCTTACAAGGACCGGCACTGGCAT,42.17
seq50_p_5,GCACACGAAGCACTCCTTGTGCCAGGGCTG,45.69
seq51_p_5,TTGGCAAGAAGTACATCCTGCGGGAGGAGA,60.00
seq52_p_5,CCTGGCACTTGGATGAGTACTCGTTGGAAT,58.82
seq53_p_5,GGTAAGTGACCCCTCCCGTGGTGATGGGCT,43.92
seq54_p_5,CGGCCACTGATTCTCAAAAGACGGAGGCTG,39.79
seq54_m_4,CAGCCTCCGTCTTTTGAGAATCAGTGGCCG,22.13
seq55_p_5,AACAATAGCCTATCCAACATCCAGTGGCTT,63.72
seq56_p_5,CACACTTAGCGAGACCCATCAAAGTGGAGA,55.47
seq57_p_5,ACCCAAACCAGCTATGATGCCAAAAGGACA,26.45
seq58_p_5,GTCCGGGTCGATCTCCACCACCTGAGGCGC,52.74
seq59_p_5,TGGGTAAAGTAGAGGCCATCTTTGCGGCAG,47.10
seq60_p_5,GGCCGGAGTTTAGCCAGTCCAACTCGGCCA,46.01
seq61_p_5,GTTCTTGGTGGATGCTCAATCCAGAGGGTG,58.00
seq62_p_5,AAGCCGTGCACGGTGGAACTGCCACGGCTG,57.17
seq62_m_4,CAGCCGTGGCAGTTCCACCGTGCACGGCTT,55.45
seq63_p_5,TGCTGCTACCACCCATAGCAACCAGGGCCT,68.53
seq64_p_5,TGCGGTGGCCAACAACGGTGTCTGTGGTGT,55.45
seq65_p_5,GGTGTGCGGGGGAAGTGGCTGCGGTGGCCA,55.50
seq66_p_5,GGCTCTGCAGGCTGTGCAGCACCGGGGTCT,65.23
seq67_p_5,CTCGTCATCAATCCCGTCTCGGAGCGGGTA,46.03
seq68_p_5,TATGTCCAACATCGAGCAACATTACGGATT,22.13
seq69_p_5,TGATCATCCGGACTCCATAGAATATGGGCT,27.56
seq70_p_5,GGCAGATGGCTTTCCACATCACCAGGGAGC,75.63
seq71_p_5,GGCTGGTAGAGGGTATAACAGCATTGGCAG,64.66
seq72_p_5,CCACGAAAGCTTATGGCCATGCAGCGGCCA,46.90
seq73_p_5,TGAACGACTGCTACTCCAAGCTCAAGGAGC,46.16
seq74_p_5,AAAACAGCCTGTCGGACCACAGCCTGGGCA,22.85
seq75_p_5,CTGTTGTGGTCCACTGATAATATCTGGAAA,18.93
seq76_p_5,AGAGCGTCATGGTCTTATCAACTTCGGCAT,37.52
seq77_p_5,AAACTGGAATAGCAGAGACTCCGGAGGGGC,67.46
seq78_p_5,TCAGTGGACCACAACAGACCCAGAAGGTTT,54.58
seq79_p_5,GGTTGGATACTACAACTCACCCGATGGTTC,65.64
seq80_p_5,GTGTTGTGTTTTGATCGGGTGTTCTGGGAT,9.64
seq81_p_5,CCACCTTGTGGGCCATGAACTGGGCGGCCG,76.14
seq81_m_4,CGGCCGCCCAGTTCATGGCCCACAAGGTGG,36.91
seq82_p_5,TGCAGGTCAAGTACCAGGATGCACCGGCCG,57.34
seq83_p_5,CACACTTCTCGCCCATGGAGATGGAGGCCG,58.37
seq84_p_5,CACTGTTGTGGTGGATGCAGCCGTGGGAGC,67.93
seq85_p_5,CCGCCCAGTTCATGGCCCACAAGGTGGTGC,59.67
seq85_m_4,GCACCACCTTGTGGGCCATGAACTGGGCGG,32.52
seq86_p_5,GTCTTCAAGGCCATGTTCACCAACGGGCTG,44.97
seq87_p_5,CACCAAGTGCCACTCATCCCGCTCTGGCTC,45.16
seq88_p_5,AGCCAGAGCGGGATGAGTGGCACTTGGTGG,58.20
seq89_p_5,ACCCAGATACAGACACCTGGAGCGAGGTGA,70.03
seq90_p_5,ACCCCACTCCGGCCCGATGTCATTCGGGTC,14.08
seq90_m_4,GACCCGAATGACATCGGGCCGGAGTGGGGT,41.56
seq91_p_5,AGGATGAAGTCCAGCACGCTGTTGAGGTCG,47.84
seq92_p_5,CAGCTCAGACACCAGGCCACCCGCGGGGGC,58.57
seq93_p_5,GCCGAAACCAGGGCCACCGAAAGGCGGCGG,60.33
seq94_p_5,CTGGCGAAAGTGGAGAAGGACGGCAGGATG,53.94
seq95_p_5,CGTGCTGGACTTCATCCTGTCCATGGGGCT,36.35
seq96_p_5,CCCAGGCCATCCAGCCCCATGGACAGGATG,41.39
seq97_p_5,GAAGAGGCGGACCCTGAAAAACCGCGGCTA,68.05
seq98_p_5,ACGCCTCGCCCAGTGACAACTCGTCGGCAG,43.92
seq98_m_4,CTGCCGACGAGTTGTCACTGGGCGAGGCGT,25.72
seq99_p_5,GAGTACCCGGTCCCCGCCTCCAAGAGGCCG,52.45
seq100_p_5,AAAGGAACGGCTACGACCTGGCTAAGGCCA,54.33
seq101_p_5,TTTCACGCCATGGATACCTTGCAAAGGAAC,56.88
seq102_p_5,GGCCATGTCGACCCTGGTACCCCAGGGAGG,68.01
seq103_p_5,CTTCAATGGAGTCTTGGCGGCCTTAGGAAG,39.84
seq104_p_5,TTGCAGGAGCAGCACAAAGGTCCTGGGACA,41.97
seq105_p_5,ATCAGTGAGCCACACTGACTGGCAGGGATG,52.06
seq106_p_5,TCTTCATTAAAGCCGTCAATGAAGTGGTGA,36.54
seq107_p_5,AATACCACACAAGAAGTTCCTGGTTGGCAG,51.87
seq108_p_5,GACCTCGATGACTTTAGAAGACGTGGGAGC,59.64
seq109_p_5,GCCCGGATGGGGTAAACGACCCGAGGGTAG,60.16
seq110_p_5,GAGCTCCAGCCCTCACAGCAGCCCTGGGAA,54.33
seq111_p_5,GAGGAGCTCCTGGTCTGGTACAATGGGGAA,29.14
seq112_p_5,ATCAATGCACATCCATCCCAAATTTGGGTA,20.87
seq113_p_5,CAGAGTCTGTTTCGGCCTTAATTTTGGGCA,6.82
seq114_p_5,CTCTACTTTGATATCACCACACACAGGTAA,66.14
seq115_p_5,GTTCCCTCAGCCGTTACCTGTGTGTGGTGA,63.72
seq115_m_4,TCACCACACACAGGTAACGGCTGAGGGAAC,39.20
seq116_p_5,TCCTCCAATTCAGGACCCACACGACGGGAA,59.27
seq117_p_5,TTTGATATCACCACACACAGGTAACGGCTG,41.49
seq118_p_5,CAGTAGAGGAGCCGTCAAATCCAGAGGCTA,61.03
seq119_p_5,ATCTTCATCAAAAGGTTCATTCTCTGGATC,22.12
seq120_p_5,TACAGAAGTTGAACTGCTAGCCTCTGGATT,51.47
seq121_p_5,GTTTGAAACTATTCCAATGTTCAGTGGCGG,47.66
seq122_p_5,TGAAACTATTCCAATGTTCAGTGGCGGAAC,56.04
seq123_p_5,AGCTGTACTTCACAAAAACAGTAGAGGAGC,48.75
seq124_p_5,TTCATCATTGGCTGGGTTCCAGTCAGGGTC,27.81
seq125_p_5,GCTCTGAGGGCGAGGAATGAGCACAGGCAA,71.37
seq126_p_5,CAGGAGCCACTGCTGGAAGCCCTGAGGCTG,64.79
seq127_p_5,TTCTTGCCGTCAAAGTCCATCATGAGGCGC,51.43
seq128_p_5,TCGTCATGTACTGCCACAAGCACGAGGCCA,62.36
seq129_p_5,TGAGGGTCGGACCCCAGTACCAGGCGGTGG,68.64
seq130_p_5,ACGCAGTCAAGAACGGGACAATCTTGGCAT,31.01
seq131_p_5,TGCTGAGACAACTAGACATGGAATTGGTTT,44.48
seq132_p_5,CTTCCACTTCGACCGACAAACCTGAGGTCA,61.66
seq132_m_4,TGACCTCAGGTTTGTCGGTCGAAGTGGAAG,26.69
seq133_p_5,GAGTGCCATCTGGAACATCCCCTAGGGCCA,48.62
seq134_p_5,GATTTGTGAAGACGGTTATGGTCAAGGTGA,45.37
seq135_p_5,AGGCGGGACACCTACTCTCATACTGGGATG,49.32
seq136_p_5,ACCTGGCCACCTGGTTCTTCATGACGGCCG,52.21
seq137_p_5,ACAGCGGCGCGCTGAGCGCGCAGGCGGCCG,43.56
seq138_p_5,AATTACACCTGCAACTGTGATGTGGGGTAC,65.28
seq139_p_5,CAGAATAATGGTAAGTCCAGCAGTCGGTTC,51.91
seq140_p_5,GGAAGATAGGAGGAATATGGACGTGGGTGG,64.09
seq141_p_5,GACTTATGGAACATCTTCAAGTTGTGGGGG,41.60
seq142_p_5,AACAAAGGAAAGAGTCTACTGTCGGGGAAC,66.90
seq143_p_5,CCCTCCTGCTGACAAGCTGTATGTGGGCAG,56.93
seq144_p_5,CTTCCCTTCCTGGGTGCATTGGTTTGGATG,29.47
seq144_m_4,CATCCAAACCAATGCACCCAGGAAGGGAAG,49.96
seq145_p_5,GTAGGATGGTAGCACACAACCAGGTGGCAG,64.47
seq146_p_5,GCCCGCGGCCGTGCCCCGCGGTCCCGGCCC,20.23
seq147_p_5,CGCCACCTACTGAACCCTCCTCCGAGGTGC,73.25
seq148_p_5,AAGAGCCTATTACATCTACTCCGGGGGCGA,61.58
seq149_p_5,GTCTTGAGGCGCAGGCTGGTGTCCAGGGGG,40.80
seq150_p_5,GTTGTTCAGCTGCTGCTTTGTGTATGGTTC,28.17
seq151_p_5,AGTTTTGAAGAAGAATCGTTGCCATGGTTT,40.13
seq152_p_5,GGCTTTGTTAGCAAAGAGAAGGAACGGCTG,48.98
seq153_p_5,CACGGTACTCATTGATGTACACGAAGGCCC,63.74
seq154_p_5,TTGAGGGTGATGCCCTCACCAACACGGTAC,54.04
seq155_p_5,GAACAGGAATATTACCTGGTGAAATGGCGT,24.49
seq156_p_5,GAAAACATTGAACACCTGAAGATTTGGGTC,22.05
seq157_p_5,ACCACGTCCACAAACATCCTGTAGTGGCTG,49.54
seq158_p_5,GCTGCATATCGTTGAGGTGAACGACGGAGA,62.48
seq159_p_5,ACACCAGAACCTAGCATCAAGGATGGGTGG,49.55
seq159_m_4,CCACCCATCCTTGATGCTAGGTTCTGGTGT,42.25
seq160_p_5,TACACCAGAACCTAGCATCAAGGATGGGTG,57.69
seq161_p_5,CTAATGGAGAAAGACGTAACTTCGGGGTAA,58.14
seq162_p_5,AACAGGATAGAACCAACCATGTTGAGGGCA,58.42
seq163_p_5,TGAAGGCCCCTCGTTTTCACCAAGCGGAAT,29.36
seq164_p_5,CAGAGGTTCTGTCTGGCAAATGGGAGGTGA,79.07
seq165_p_5,CACCATGTGTGTGTTCCACGGAAGAGGCAG,53.37
seq166_p_5,GGGCTGAGATCACCAACAAAGACATGGAAA,58.68
seq167_p_5,AGACATGGCAACAGGAAAGTCTAAGGGATA,40.55
seq168_p_5,AGAGGCTGAGGAACAAGCACCGCCTGGAGC,58.37
seq169_p_5,CCATGAGCACTGAAAGCATGATCCGGGACG,60.42
seq170_p_5,GGGAGGGGTCTTCCAGCTGGAGAAGGGTGA,63.35
seq171_p_5,TGCTCAACTTGGTTTGAATATGGGAGGAAG,54.43
seq172_p_5,TCAGATGGCAGCCATGAGACCAAGGGGCCA,60.09
seq173_p_5,GCCTGGACCCCTACTATTGCAACAAGGTGA,54.42
seq174_p_5,GCGTTCACCTTGTTGCAATAGTAGGGGTCC,51.08
seq175_p_5,TGAAATCACAGTCTCCAATATGCTGGGCCA,36.77
seq176_p_5,GAGTCATAGGCAGCCACTTCCGAGTGGACC,60.44
seq177_p_5,TCATGGTGTCCAACATGCTAGCACAGGACA,63.71
seq178_p_5,AGCATGTTGGACACCATGATGGCTGGGAGG,50.27
seq179_p_5,CTTAGATCCAGGAGATGGTCCACTCGGAAG,38.86
seq180_p_5,GGCGCACCTGGACTATTACCACGGCGGCAA,66.64
seq181_p_5,GCTGGCGATGAGCCCCTCACCTCCAGGGCC,33.74
seq182_p_5,GTGTGTCAGGCCCAAGCTTGTCCAGGGAGG,59.76
seq183_p_5,AGTGTAAAGGCTCAGGGTTCACGCTGGCGC,67.66
seq184_p_5,TCACGCTGGCGCCCTGAGAACTGGAGGCTG,65.05
seq185_p_5,AGAACAAGCACTCAGATACCACAAAGGTAT,63.02
seq186_p_5,ACCCTGAGCCTTTACACTCCTCCCTGGACA,59.61
seq187_p_5,ATCCGGAATTAGTGACTGGATCCAAGGACC,54.92
seq188_p_5,GTCCTTGGATCCAGTCACTAATTCCGGATG,30.54
seq189_p_5,GAGAGGAATTCTACAACCAGAGCCAGGAAT,41.83
seq190_p_5,TGCTGCAGCTGTCTGATCTGGCTGTGGAGC,65.45
seq191_p_5,ACGAGCTGGATCGCACCTTCCTGGGGGGTG,63.85
seq192_p_5,CACCTATGGGGGGCTGCTGCCCCAGGGCTT,55.28
seq193_p_5,GTTTATGCCCCCTGATGACCCACTGGGCCG,41.70
seq194_p_5,CTGCTTCCTGTGCTCCAAAGTGAGTGGCTT,57.68
seq195_p_5,GAAGGATCACCTAGGGCATGACCTCGGCCA,44.28
seq196_p_5,ACTTGGGTTTTCTACTGTTGACCAAGGTAC,57.25
seq197_p_5,GCTACAAGCGCTTGACATCACTGAAGGAGC,54.63
seq198_p_5,AGGATGACGGTATTGCCAACCCTCTGGACC,50.51
seq199_p_5,TGTTTGGAGTGTATGAACTACTGTGGGAGT,49.62
seq200_p_5,ATGTATTGGTTTAATCTCTGTAAATGGCCG,18.33
seq201_p_5,CGCTCAGAGAGGAGAAGGTGTCCGGGGACA,67.46
seq202_p_5,GGCTGCTCTGGTATCAGGAGACCGGGGCTT,75.09
seq203_p_5,GGGGGACAGGGGCAGAAAGCCAAGGGGCTG,66.84
seq204_p_5,TTCTGCCCAAGGAGACCCAGAACTGGGTGC,48.50
seq205_p_5,CCAGGCCACAGGATGGGAGAAAAGGGGCAC,58.41
